step,stockout_skus_step,total_on_hand
90,0,2095
91,0,2087
92,0,2075
93,0,2068
94,0,2054
95,0,2039
96,1,2019
97,0,2443
98,0,2871
99,0,3325
100,0,3785
101,0,4247
102,0,4737
103,0,5233
104,0,5265
105,0,5302
106,0,5329
107,0,5372
108,0,5431
109,0,5480
110,0,5525
111,0,5554
112,0,5600
113,0,5655
114,0,5685
115,0,5689
116,0,5687
117,0,5698
118,0,5718
119,0,5727
120,1,5745
121,1,5757
122,1,5773
123,0,5891
124,0,6031
125,0,6177
126,0,6316
127,0,6457
128,0,6584
129,0,6703
130,0,6715
131,0,6727
132,0,6747
133,0,6771
134,0,6807
135,0,6837
136,0,6858
137,0,6872
138,0,6867
139,0,6872
140,0,6872
141,0,6874
142,0,6883
143,0,6875
144,0,6886
145,0,6903
146,0,6917
147,0,6937
148,0,6965
149,0,6970
150,0,6968
151,0,6965
152,0,6972
153,0,6993
154,0,7023
155,0,7054
156,0,7080
157,0,7120
158,0,7162
159,0,7203
160,0,7240
161,0,7257
162,0,7283
163,0,7308
164,0,7338
165,1,7362
166,1,7385
167,1,7397
168,1,7419
169,1,7442
170,0,7470
171,0,7512
172,0,7565
173,0,7612
174,0,7639
175,0,7678
176,0,7718
177,0,7752
178,0,7734
179,0,7723
180,0,7716
181,0,7716
182,0,7705
183,1,7698
184,1,7727
185,1,7734
186,1,7718
187,0,7726
188,0,7741
189,0,7758
190,0,7790
191,0,7822
192,1,7843
193,1,7888
194,0,7932
195,1,7992
196,1,8066
197,1,8155
198,1,8216
199,1,8298
200,0,8382
201,0,8481
202,0,8554
203,0,8637
204,0,8729
205,0,8805
206,0,8843
207,0,8826
208,0,8816
209,0,8807
210,0,8772
211,0,8754
212,0,8739
213,0,8718
214,0,8692
215,0,8671
216,0,8654
217,0,8641
218,0,8634
219,0,8639
220,0,8642
221,0,8641
222,0,8638
223,0,8629
224,0,8644
225,0,8658
226,0,8660
227,0,8680
228,0,8714
229,0,8735
230,0,8764
231,0,8781
232,0,8802
233,0,8850
234,1,8859
235,1,8859
236,1,8864
237,0,8887
238,0,8908
239,0,8941
240,0,8940
241,0,8953
242,0,8943
243,0,8964
244,0,8982
245,0,8996
246,0,8997
247,0,9008
248,0,8976
249,0,8982
250,0,8986
251,0,9012
252,0,9048
253,0,9125
254,0,9220
255,0,9331
256,0,9415
257,0,9503
258,0,9598
259,0,9710
260,0,9805
261,0,9912
262,0,9997
263,0,10058
264,0,10129
265,0,10168
266,0,10215
267,0,10248
268,0,10253
269,0,10284
270,0,10274
271,0,10277
272,0,10290
273,0,10294
274,1,10301
275,1,10275
276,3,10144
277,3,10027
278,4,9955
279,2,9911
280,2,9921
281,1,9956
282,3,10042
283,2,10150
284,2,10303
285,3,10481
286,2,10813
287,2,11214
288,2,11639
289,0,12130
290,2,12736
291,2,13255
292,1,13806
293,1,14300
294,0,14713
295,0,15104
296,0,15226
297,0,15427
298,0,15699
299,0,16086
300,0,16411
301,0,16722
302,0,17008
303,0,17319
304,0,17540
305,0,17699
306,0,17826
307,0,17953
308,0,18092
309,0,18181
310,0,18249
311,0,18329
312,0,18394
313,0,18446
314,0,18460
315,0,18272
316,1,18225
317,1,18264
318,2,18266
319,3,18270
320,3,18358
321,2,18505
322,0,18921
323,1,19382
324,1,19798
325,1,20212
326,1,20692
327,0,21106
328,1,21499
329,1,21576
330,1,21643
331,0,21740
332,0,21860
333,0,21935
334,0,21952
335,0,21979
336,0,22055
337,0,22152
338,0,22219
339,0,22266
340,0,22320
341,0,22357
342,0,22406
343,0,22410
344,0,22427
345,0,22453
346,0,22433
347,0,22407
348,0,22384
349,0,22406
350,0,22444
351,0,22464
352,0,22493
353,0,22532
354,0,22536
355,0,22555
356,0,22505
357,0,22460
358,0,22441
359,0,22448
360,0,22426
361,0,22420
362,0,22391
363,0,22367
364,1,22336
365,1,22326
366,1,22301
367,1,22284
368,2,22221
369,1,22215
370,2,22239
371,2,22278
372,3,22310
373,3,22350
374,3,22355
375,1,22477
376,1,22652
377,0,22817
378,0,22985
379,0,23175
380,0,23358
381,0,23514
382,0,23569
383,0,23563
384,0,23554
385,0,23553
386,0,23544
387,0,23553
388,0,23524
389,0,23502
390,0,23460
391,0,23435
392,0,23413
393,0,23387
394,0,23360
395,0,23354
396,0,23347
397,1,23341
398,2,23301
399,1,23301
400,0,23308
401,0,23327
402,0,23317
403,0,23284
404,1,23269
405,1,23255
406,1,23247
407,1,23228
408,1,23191
409,0,23133
410,0,23094
411,0,23066
412,0,23071
413,0,23068
414,0,23113
415,0,23153
416,0,23135
417,0,23170
418,0,23220
419,0,23270
420,0,23334
421,0,23377
422,0,23427
423,0,23497
424,0,23486
425,0,23491
426,0,23482
427,1,23454
428,1,23468
429,1,23464
430,1,23416
431,0,23366
432,0,23347
433,0,23319
434,0,23312
435,0,23300
436,0,23294
437,0,23265
438,0,23248
439,0,23224
440,0,23211
441,0,23229
442,0,23233
443,0,23244
444,0,23205
445,0,23193
446,0,23199
447,0,23210
448,0,23215
449,0,23228
450,0,23229
451,0,23221
452,0,23194
453,0,23148
454,0,23106
455,0,23070
456,0,23058
457,0,23033
458,0,22985
459,0,22933
460,1,22891
461,1,22843
462,1,22820
463,1,22827
464,2,22819
465,0,22865
466,0,22918
467,0,22998
468,0,23056
469,0,23120
470,1,23201
471,0,23323
472,0,23335
473,1,23314
474,1,23283
475,1,23288
476,0,23360
477,1,23451
478,1,23542
479,1,23587
480,1,23629
481,0,23660
482,1,23733
483,1,23732
484,1,23768
485,1,23796
486,1,23767
487,1,23740
488,0,23855
489,0,23994
490,0,24116
491,0,24214
492,0,24301
493,0,24273
494,0,24246
495,0,24235
496,0,24226
497,0,24212
498,0,24199
499,0,24185
500,0,24178
501,0,24172
502,0,24154
503,0,24142
504,0,24121
505,0,24103
506,0,24079
507,0,24051
508,0,24025
509,0,24011
510,0,23978
511,0,23960
512,0,23941
513,0,23959
514,0,23945
515,0,23947
516,0,23934
517,0,23930
518,0,23923
519,0,23936
520,0,23941
521,0,23932
522,1,23937
523,1,23939
524,1,23948
525,1,23981
526,1,24003
527,0,24012
528,0,24027
529,0,24031
530,0,24032
531,0,24031
532,0,24028
533,0,24040
534,0,24045
535,0,24025
536,0,24017
537,0,24029
538,0,24026
539,0,24052
540,0,24086
541,0,24101
542,0,24118
543,0,24127
544,0,24113
545,0,24094
546,0,24090
547,0,24093
548,0,24095
549,0,24091
550,0,24094
551,0,24098
552,0,24107
553,0,24077
554,0,24055
555,0,24035
556,0,24024
557,0,23998
558,0,23992
559,0,23990
560,0,23994
561,1,23988
562,0,24036
563,0,24044
564,0,24045
565,0,24037
566,0,24037
567,0,24043
568,0,24048
569,0,24014
570,0,23954
571,0,23914
572,0,23892
573,0,23868
574,1,23864
575,1,23840
576,1,23830
577,0,23825
578,0,23947
579,0,24096
580,0,24240
581,0,24406
582,0,24586
583,0,24766
584,0,24931
585,0,24945
586,0,24948
587,0,24955
588,0,24964
589,0,24972
590,0,25010
591,0,25053
592,0,25091
593,0,25136
